Horizon,Model,Jam MAE
15 min,HA,0.6286554305940061
15 min,Graph WaveNet,0.0801385374085323
15 min,MTGNN,0.1099076849383276
15 min,LSTM,0.10815744490639584
15 min,STGCN,0.08248240967860093
15 min,AGCRN,0.19079838801880142
15 min,PI-X-STGAT (Ours),0.07410247096338787
30 min,HA,0.6285343007461445
30 min,Graph WaveNet,0.1071837520075811
30 min,MTGNN,0.1359243812391886
30 min,LSTM,0.12685377720642735
30 min,STGCN,0.09580395551952156
30 min,AGCRN,0.10295184421780947
30 min,PI-X-STGAT (Ours),0.06793045433791908
45 min,HA,0.6285830103867763
45 min,Graph WaveNet,0.1173118571373256
45 min,MTGNN,0.0930571706713856
45 min,LSTM,0.10978029718672908
45 min,STGCN,0.11203450816305908
45 min,AGCRN,0.11516834215537922
45 min,PI-X-STGAT (Ours),0.07736780671654521
60 min,HA,0.6285854383900359
60 min,Graph WaveNet,0.1258143899005812
60 min,MTGNN,0.1106954324487093
60 min,LSTM,0.12909747803130667
60 min,STGCN,0.12171425370348467
60 min,AGCRN,0.11785356581613825
60 min,PI-X-STGAT (Ours),0.06456415973402359
