Model,Jam MAE,Jam RMSE,Jam MAPE (%),Params,FLOPs,Inference Time (ms/batch),Inference Time (ms/sample)
HA,0.6286464886286774,1.9484335419293997,57327.32334652462,0.0,0.0,0.028345994651317596,0.0035432493314146996
LSTM,1.3746320723681837,1.432614202112765,132997.66803638355,21634.0,178176.0,0.8195940032601357,0.10244925040751696
STGCN,1.7091533136528891,1.827802804756809,163224.98188740498,26306.0,112436625.0,0.9471040032804012,0.11838800041005015
ASTGCN,0.0805,0.6214,,,,,
AGCRN,2.638892078399658,3.2468747208247315,256339.2044974662,124520.0,44143104.0,2.6079420000314713,0.3259927500039339
Graph WaveNet,0.21214583443628776,0.6346112998756203,15598.229002050452,280270.0,6846920532.0,9.866723995655775,1.2333404994569719
MTGNN,0.13558917802733345,0.6133741581359425,7853.001249674204,119402.0,2509434699.0,4.318336006253958,0.5397920007817447
"PI-X-STGAT
(Ours)",6.976990475847915,7.086790114157909,694231.5265717377,78990.0,135424374.0,2.7172099985182285,0.33965124981477857
