Variable,Value,Seq Len,Embedding Dim,GRU Hidden Size,Jam MAE,Jam RMSE,Best Epoch
GRU Hidden Size,32,12,10,32,0.061397085187805664,0.6211815501387055,5
GRU Hidden Size,64,12,10,64,0.061486517114413754,0.6213620323587108,8
GRU Hidden Size,128,12,10,128,0.05952177601488861,0.6212183764657458,10
GRU Hidden Size,256,12,10,256,0.061582165231575836,0.6210228183785,9
Embedding Dim,4,12,4,128,0.06437054028784907,0.6211076616435438,4
Embedding Dim,8,12,8,128,0.07703117140241571,0.6202846117921778,4
Embedding Dim,10,12,10,128,0.05952177601488861,0.6212183764657458,10
Embedding Dim,16,12,16,128,0.060907901813452306,0.6214073240756989,10
Sequence Length,6,6,10,128,0.06153099194571779,0.6216035188049883,7
Sequence Length,12,12,10,128,0.05952177601488861,0.6212183764657458,10
Sequence Length,18,18,10,128,0.059721560655413446,0.6210856954793672,7
Sequence Length,24,24,10,128,0.06248378076062009,0.6208681131536896,4
