Model,Seed,Best Epoch,Jam MAE,Jam RMSE,Jam MAPE (%)
PI-X-STGAT,42,4,0.06076596540373725,0.6208641758641681,286.8116900083181
MTGNN,42,5,0.08991413845403774,0.6189405611237964,3235.8695097227355
PI-X-STGAT,7,6,0.06532285766222992,0.6206353325296092,747.3758182010135
MTGNN,7,5,0.08975813038445808,0.6189701123012079,3219.891450727308
PI-X-STGAT,123,8,0.06331705280856506,0.622431368521742,542.7161201270851
MTGNN,123,3,0.07416682732669083,0.619808943851574,1642.626919617524
PI-X-STGAT,2024,7,0.06775075235479587,0.6219478138395258,974.2122722316433
MTGNN,2024,3,0.08592615224219657,0.6191436808657002,2832.3432174888817
PI-X-STGAT,3407,7,0.07717098964227212,0.6237431306291271,1910.0950313258816
MTGNN,3407,4,0.09123765741651123,0.6188939233889451,3369.715995788574
